INSERT [dbo].[studymode] ([studymode_name]) VALUES (N'必修')
INSERT [dbo].[studymode] ([studymode_name]) VALUES ( N'限选')
INSERT [dbo].[studymode] ([studymode_name]) VALUES ( N'任选')


INSERT [dbo].[role] ([role_name], [remarks]) VALUES (N'游客', N'游客')
INSERT [dbo].[role] ([role_name], [remarks]) VALUES (N'学生', N'学生')
INSERT [dbo].[role] ([role_name], [remarks]) VALUES (N'教师', N'教师')
INSERT [dbo].[role] ([role_name], [remarks]) VALUES (N'教学管理员', N'教学管理员')
INSERT [dbo].[role] ([role_name], [remarks]) VALUES (N'系主任', N'系主任')
INSERT [dbo].[role] ([role_name], [remarks]) VALUES (N'系统管理员', N'系统管理员')

INSERT [dbo].[menuleveltwo] ([menu_level_two_id], [menu_level_one_id], [menu_level_two_name]) VALUES (1, 1, N'用户管理')
INSERT [dbo].[menuleveltwo] ([menu_level_two_id], [menu_level_one_id], [menu_level_two_name]) VALUES (2, 1, N'专业方向')
INSERT [dbo].[menuleveltwo] ([menu_level_two_id], [menu_level_one_id], [menu_level_two_name]) VALUES (3, 1, N'课程性质')
INSERT [dbo].[menuleveltwo] ([menu_level_two_id], [menu_level_one_id], [menu_level_two_name]) VALUES (4, 1, N'题型管理')
INSERT [dbo].[menuleveltwo] ([menu_level_two_id], [menu_level_one_id], [menu_level_two_name]) VALUES (5, 6, N'计算机科学与技术')
INSERT [dbo].[menuleveltwo] ([menu_level_two_id], [menu_level_one_id], [menu_level_two_name]) VALUES (6, 6, N'通信工程')
INSERT [dbo].[menuleveltwo] ([menu_level_two_id], [menu_level_one_id], [menu_level_two_name]) VALUES (7, 6, N'电子工程')
INSERT [dbo].[menuleveltwo] ([menu_level_two_id], [menu_level_one_id], [menu_level_two_name]) VALUES (8, 11, N'基础实战')
INSERT [dbo].[menuleveltwo] ([menu_level_two_id], [menu_level_one_id], [menu_level_two_name]) VALUES (9, 11, N'项目实战')
INSERT [dbo].[menuleveltwo] ([menu_level_two_id], [menu_level_one_id], [menu_level_two_name]) VALUES (10, 11, N'审题')
INSERT [dbo].[menuleveltwo] ([menu_level_two_id], [menu_level_one_id], [menu_level_two_name]) VALUES (11, 11, N'评分')

INSERT [dbo].[menulevelthree] ([menu_level_three_id], [menu_level_two_id], [menu_level_three_name], [mapping_page]) VALUES (1, 1, N'添加角色', N'menu-content-add-role')
INSERT [dbo].[menulevelthree] ([menu_level_three_id], [menu_level_two_id], [menu_level_three_name], [mapping_page]) VALUES (2, 1, N'角色权限设置', N'menu-content-role-setting')
INSERT [dbo].[menulevelthree] ([menu_level_three_id], [menu_level_two_id], [menu_level_three_name], [mapping_page]) VALUES (3, 1, N'教师用户导入', N'menu-content-import-teachers')
INSERT [dbo].[menulevelthree] ([menu_level_three_id], [menu_level_two_id], [menu_level_three_name], [mapping_page]) VALUES (4, 1, N'学生用户导入', N'menu-content-import-students')
INSERT [dbo].[menulevelthree] ([menu_level_three_id], [menu_level_two_id], [menu_level_three_name], [mapping_page]) VALUES (5, 1, N'添加/修改用户', N'menu-content-add-user')
INSERT [dbo].[menulevelthree] ([menu_level_three_id], [menu_level_two_id], [menu_level_three_name], [mapping_page]) VALUES (6, 1, N'修改密码', N'menu-content-change-password')
INSERT [dbo].[menulevelthree] ([menu_level_three_id], [menu_level_two_id], [menu_level_three_name], [mapping_page]) VALUES (7, 2, N'添加方向', N'menu-content-add-direction')
INSERT [dbo].[menulevelthree] ([menu_level_three_id], [menu_level_two_id], [menu_level_three_name], [mapping_page]) VALUES (8, 2, N'浏览/修改方向', N'menu-content-change-direction')
INSERT [dbo].[menulevelthree] ([menu_level_three_id], [menu_level_two_id], [menu_level_three_name], [mapping_page]) VALUES (9, 3, N'添加性质', N'menu-content-add-property')
INSERT [dbo].[menulevelthree] ([menu_level_three_id], [menu_level_two_id], [menu_level_three_name], [mapping_page]) VALUES (10, 3, N'浏览/修改性质', N'menu-content-change-property')
INSERT [dbo].[menulevelthree] ([menu_level_three_id], [menu_level_two_id], [menu_level_three_name], [mapping_page]) VALUES (11, 4, N'添加题型', N'menu-content-add-category')
INSERT [dbo].[menulevelthree] ([menu_level_three_id], [menu_level_two_id], [menu_level_three_name], [mapping_page]) VALUES (12, 4, N'浏览/修改题型', N'menu-content-change-category')
INSERT [dbo].[menulevelthree] ([menu_level_three_id], [menu_level_two_id], [menu_level_three_name], [mapping_page]) VALUES (13, 5, N'面向对象', N'oop')
INSERT [dbo].[menulevelthree] ([menu_level_three_id], [menu_level_two_id], [menu_level_three_name], [mapping_page]) VALUES (14, 8, N'第一学期', NULL)
INSERT [dbo].[menulevelthree] ([menu_level_three_id], [menu_level_two_id], [menu_level_three_name], [mapping_page]) VALUES (15, 8, N'第二学期', NULL)
INSERT [dbo].[menulevelthree] ([menu_level_three_id], [menu_level_two_id], [menu_level_three_name], [mapping_page]) VALUES (16, 8, N'第三学期', NULL)
INSERT [dbo].[menulevelthree] ([menu_level_three_id], [menu_level_two_id], [menu_level_three_name], [mapping_page]) VALUES (17, 8, N'第四学期', NULL)
INSERT [dbo].[menulevelthree] ([menu_level_three_id], [menu_level_two_id], [menu_level_three_name], [mapping_page]) VALUES (18, 8, N'第五学期', NULL)
INSERT [dbo].[menulevelthree] ([menu_level_three_id], [menu_level_two_id], [menu_level_three_name], [mapping_page]) VALUES (19, 8, N'第六学期', NULL)
INSERT [dbo].[menulevelthree] ([menu_level_three_id], [menu_level_two_id], [menu_level_three_name], [mapping_page]) VALUES (20, 8, N'第七学期', NULL)
INSERT [dbo].[menulevelthree] ([menu_level_three_id], [menu_level_two_id], [menu_level_three_name], [mapping_page]) VALUES (21, 8, N'第八学期', NULL)

INSERT [dbo].[menulevelone] ([menu_level_one_id], [role_code], [menu_level_one_name], [mapping_page]) VALUES (1, 6, N'系统维护', N'ssystem-maintenance')
INSERT [dbo].[menulevelone] ([menu_level_one_id], [role_code], [menu_level_one_name], [mapping_page]) VALUES (2, 6, N'专业介绍', N'professional-introduction')
INSERT [dbo].[menulevelone] ([menu_level_one_id], [role_code], [menu_level_one_name], [mapping_page]) VALUES (3, 6, N'课程体系', N'curriculum-system')
INSERT [dbo].[menulevelone] ([menu_level_one_id], [role_code], [menu_level_one_name], [mapping_page]) VALUES (4, 6, N'师资情况', N'teachers-qualification')
INSERT [dbo].[menulevelone] ([menu_level_one_id], [role_code], [menu_level_one_name], [mapping_page]) VALUES (5, 6, N'大纲', N'outline')
INSERT [dbo].[menulevelone] ([menu_level_one_id], [role_code], [menu_level_one_name], [mapping_page]) VALUES (6, 6, N'课件', N'courseware')
INSERT [dbo].[menulevelone] ([menu_level_one_id], [role_code], [menu_level_one_name], [mapping_page]) VALUES (7, 6, N'教辅资料', N'teaching-materials')
INSERT [dbo].[menulevelone] ([menu_level_one_id], [role_code], [menu_level_one_name], [mapping_page]) VALUES (8, 6, N'教学录相', N'teaching-video')
INSERT [dbo].[menulevelone] ([menu_level_one_id], [role_code], [menu_level_one_name], [mapping_page]) VALUES (9, 6, N'作业', N'homework')
INSERT [dbo].[menulevelone] ([menu_level_one_id], [role_code], [menu_level_one_name], [mapping_page]) VALUES (10, 6, N'在线测试', N'online-testing')
INSERT [dbo].[menulevelone] ([menu_level_one_id], [role_code], [menu_level_one_name], [mapping_page]) VALUES (11, 6, N'实战演练', N'practicing')
INSERT [dbo].[menulevelone] ([menu_level_one_id], [role_code], [menu_level_one_name], [mapping_page]) VALUES (12, 6, N'互动平台', N'interactive-platform')

INSERT [dbo].[major] ([major_name], [core_curriculum], [occupational_direction], [goal], [history]) VALUES (N'计算机科学与技术', N'大幅度反对方', N'啊三十多', N'2', N'5')
INSERT [dbo].[major] ([major_name], [core_curriculum], [occupational_direction], [goal], [history]) VALUES (N'通信工程', N'3阿斯顿发生', N'阿斯顿飞', N'2', N'3')
INSERT [dbo].[major] ([major_name], [core_curriculum], [occupational_direction], [goal], [history]) VALUES (N'电子工程', N'啊三地方啊', N' 阿斯顿发', N'阿斯顿发', N'啊阿斯')

INSERT [dbo].[curriculumcharacter] ([cc_name]) VALUES (N'专业基础课')
INSERT [dbo].[curriculumcharacter] ([cc_name]) VALUES (N'专业课')
INSERT [dbo].[curriculumcharacter] ([cc_name]) VALUES (N'专业方向课')
INSERT [dbo].[curriculumcharacter] ([cc_name]) VALUES (N'课程设计')
INSERT [dbo].[curriculumcharacter] ([cc_name]) VALUES (N'课程实训')
INSERT [dbo].[curriculumcharacter] ([cc_name]) VALUES (N'项目实训')
INSERT [dbo].[curriculumcharacter] ([cc_name]) VALUES (N'实习')

INSERT [dbo].[curriculum] ([cc_code], [studymode_id], [curriculum_name], [curriculum_englishname], [credit], [all_time], [theory_time], [practice_time], [computer_time], [semester_code], [exam_way], [explain], [major_code]) VALUES (2, 1, N'高级语言程序设计', N'high level language programming', 4, 78, 48, 30, 20, 1, N'闭卷', N'基础性语言', 1001)
INSERT [dbo].[curriculum] ([cc_code], [studymode_id], [curriculum_name], [curriculum_englishname], [credit], [all_time], [theory_time], [practice_time], [computer_time], [semester_code], [exam_way], [explain], [major_code]) VALUES (2, 1, N'面向对象', N'object-oriented', 5, 80, 34, 36, 34, 2, N'闭卷', N'基础语言的提升', 1001)
INSERT [dbo].[curriculum] ([cc_code], [studymode_id], [curriculum_name], [curriculum_englishname], [credit], [all_time], [theory_time], [practice_time], [computer_time], [semester_code], [exam_way], [explain], [major_code]) VALUES (3, 1, N'计算机网络', N'jisuanjiwangluo', 3, 70, 35, 35, 12, 2, N'闭卷', N'三地方萨范德', 1002)
INSERT [dbo].[curriculum] ([cc_code], [studymode_id], [curriculum_name], [curriculum_englishname], [credit], [all_time], [theory_time], [practice_time], [computer_time], [semester_code], [exam_way], [explain], [major_code]) VALUES (2, 1, N'汇编', N'huibian', 4, 77, 23, 33, 22, 1, N'闭卷', N'适当方式', 1001)
INSERT [dbo].[curriculum] ([cc_code], [studymode_id], [curriculum_name], [curriculum_englishname], [credit], [all_time], [theory_time], [practice_time], [computer_time], [semester_code], [exam_way], [explain], [major_code]) VALUES (2, 1, N'Java语言', N'java', 3, 90, 34, 33, 44, 1, N'闭卷', N'阿斯顿发三地方', 1001)
INSERT [dbo].[curriculum] ([cc_code], [studymode_id], [curriculum_name], [curriculum_englishname], [credit], [all_time], [theory_time], [practice_time], [computer_time], [semester_code], [exam_way], [explain], [major_code]) VALUES (1, 1, N'电子电路', N'dianzidianluo', 4, 68, 33, 22, 11, 1, N'闭卷', N'阿斯顿发的', 1002)
INSERT [dbo].[curriculum] ([cc_code], [studymode_id], [curriculum_name], [curriculum_englishname], [credit], [all_time], [theory_time], [practice_time], [computer_time], [semester_code], [exam_way], [explain], [major_code]) VALUES (1, 1, N'C语言', N'c', 3, 44, 33, 22, 22, 1, N'闭卷', N'啊十大是顿萨', 1003)
INSERT [dbo].[curriculum] ([cc_code], [studymode_id], [curriculum_name], [curriculum_englishname], [credit], [all_time], [theory_time], [practice_time], [computer_time], [semester_code], [exam_way], [explain], [major_code]) VALUES (2, 1, N'通信原理', N'tongxin', 4, 90, 33, 22, 33, 1, N'闭卷', N'阿斯顿发三地方', 1002)
INSERT [dbo].[curriculum] ([cc_code], [studymode_id], [curriculum_name], [curriculum_englishname], [credit], [all_time], [theory_time], [practice_time], [computer_time], [semester_code], [exam_way], [explain], [major_code]) VALUES (2, 1, N'电路设计', N'dianluo', 4, 88, 22, 33, 44, 1, N'闭卷', N'阿斯顿发反对', 1003)

INSERT [dbo].[courseware] ([curriculum_code], [filename], [location], [uploaddate], [onlinelook], [downcount], [sourcetype], [courseware_version]) VALUES (10001, N'面向对象程序设计(09_1).ppt', N'/uploads/file/20140406/20140406004352_541.ppt', CAST(0x60380B00 AS Date), 0, 297, N'PPT', N'未知版本')
INSERT [dbo].[courseware] ([curriculum_code], [filename], [location], [uploaddate], [onlinelook], [downcount], [sourcetype], [courseware_version]) VALUES (10001, N'面向对象程序设计(09_2).ppt', N'/uploads/file/20140406/20140406105616_315.ppt', CAST(0x60380B00 AS Date), 0, 1, N'PPT', N'未知版本')
INSERT [dbo].[courseware] ([curriculum_code], [filename], [location], [uploaddate], [onlinelook], [downcount], [sourcetype], [courseware_version]) VALUES (10002, N'面向对象程序设计(09_1).ppt', N'/uploads/file/20140406/20140406105858_350.ppt', CAST(0x60380B00 AS Date), 0, 0, N'PPT', N'未知版本')
INSERT [dbo].[courseware] ([curriculum_code], [filename], [location], [uploaddate], [onlinelook], [downcount], [sourcetype], [courseware_version]) VALUES (10001, N'面向对象程序设计(09_3).ppt', N'/uploads/file/20140406/20140406122821_815.ppt', CAST(0x60380B00 AS Date), 0, 1, N'PPT', N'未知版本')

INSERT [dbo].[curriculum] ([major_code], [cc_code], [studymode_id], [curriculum_name], [curriculum_englishname], [credit], [all_time], [theory_time], [practice_time], [computer_time], [semester_code], [exam_way], [explain], [curriculum_stringcode]) VALUES (1, 1, 1, N'软件开发', N'ddcs', 3, 4, 4, 4, 4, 4, N'4', N'4', N'4')
INSERT [dbo].[curriculum] ([major_code], [cc_code], [studymode_id], [curriculum_name], [curriculum_englishname], [credit], [all_time], [theory_time], [practice_time], [computer_time], [semester_code], [exam_way], [explain], [curriculum_stringcode]) VALUES (1, 1, 1, N'通信', N'dwe', 3, 4, 4, 4, 4, 4, N'4', N'4', N'4')
INSERT [dbo].[curriculum] ([major_code], [cc_code], [studymode_id], [curriculum_name], [curriculum_englishname], [credit], [all_time], [theory_time], [practice_time], [computer_time], [semester_code], [exam_way], [explain], [curriculum_stringcode]) VALUES (2, 1, 1, N'微机', N'fds', 3, 2, 3, 3, 3, 3, N'3', N'3', N'3')
INSERT [dbo].[curriculum] ([major_code], [cc_code], [studymode_id], [curriculum_name], [curriculum_englishname], [credit], [all_time], [theory_time], [practice_time], [computer_time], [semester_code], [exam_way], [explain], [curriculum_stringcode]) VALUES (3, 3, 2, N'JAVA开发', N'dff', 3, 3, 3, 3, 3, 3, N'3', N'3', N'3')
